{"cameraMode":{"drawMode":0,"name":"Shaded","section":"Shading Mode"},"sceneLighting":false,"audioPlay":false,"sceneViewState":{"showFog":true,"showMaterialUpdate":false,"showSkybox":false,"showFlares":true,"showImageEffects":true,"showParticleSystems":true},"in2DMode":false,"pivot":{"x":520.6265869140625,"y":289.16265869140627,"z":45.98207092285156},"rotation":{"x":-0.09615909308195114,"y":-0.0053856587037444119,"z":0.0005205325433053076,"w":-0.9953673481941223},"size":42.72002029418945,"orthographic":false}