{"cameraMode":{"drawMode":0,"name":"Shaded","section":"Shading Mode"},"sceneLighting":false,"audioPlay":false,"sceneViewState":{"showFog":true,"showMaterialUpdate":false,"showSkybox":true,"showFlares":true,"showImageEffects":true,"showParticleSystems":true},"in2DMode":false,"pivot":{"x":1.1698899269104005,"y":1.0549200773239136,"z":4.6660661697387699},"rotation":{"x":0.04121572524309158,"y":0.92287278175354,"z":-0.10315610468387604,"w":0.36873579025268557},"size":3.8923237323760988,"orthographic":false}