{"cameraMode":{"drawMode":0,"name":"Shaded","section":"Shading Mode"},"sceneLighting":false,"audioPlay":false,"sceneViewState":{"showFog":true,"showMaterialUpdate":false,"showSkybox":true,"showFlares":true,"showImageEffects":true,"showParticleSystems":true},"in2DMode":false,"pivot":{"x":-3.673635721206665,"y":1.248888611793518,"z":-0.18445976078510285},"rotation":{"x":0.04549526423215866,"y":0.40587863326072695,"z":-0.020235460251569749,"w":0.9125695824623108},"size":0.03177905082702637,"orthographic":false}