{"cameraMode":{"drawMode":0,"name":"Shaded","section":"Shading Mode"},"sceneLighting":false,"audioPlay":false,"sceneViewState":{"showFog":true,"showMaterialUpdate":false,"showSkybox":true,"showFlares":true,"showImageEffects":true,"showParticleSystems":true},"in2DMode":false,"pivot":{"x":46.25602722167969,"y":-1.5060776472091675,"z":31.878820419311525},"rotation":{"x":0.027390340343117715,"y":0.9125615358352661,"z":-0.06198054924607277,"w":0.4032860994338989},"size":116.67262268066406,"orthographic":false}